source,exchange,symbol/universe coverage,start_date,end_date,field,semantic_definition,missingness,timestamp_precision,update_latency,quality/confidence,possible_flow_method,notes
"SUMI_LOCAL_CAPABILITY: backend/sumi.db candles source=cafef","UNKNOWN (symbols.exchange is NULL for all 3734 symbols)","3731 symbols; 2398650 1D unadjusted rows","2000-07-28","2026-06-19","timestamp; symbol; open; high; low; close; volume; adjustment_type; source","Daily OHLCV labeled cafef; repository contains no retained raw CafeF payload or import-run provenance for these rows","Database columns are NOT NULL for OHLCV; per-symbol coverage is highly uneven; 463 symbols have <50 rows and 2156 have <200 rows","Daily date at 00:00:00","Static local snapshot; no accepted sync/import run metadata","MEDIUM for stored OHLCV shape; LOW for exchange/lifecycle/corporate-action semantics","OHLCV_PROXY","No matched value/volume split, put-through split, executed trades, aggressor side, quotes, foreign/proprietary flow, or lifecycle data. Proxy value would be ESTIMATED_TP_X_VOLUME."
"SUMI_LOCAL_CAPABILITY: backend/sumi.db candles source=YahooFinanceFeed","UNKNOWN","3 symbols; 4989 1D unadjusted rows","2019-12-31T17:00:00","2026-06-18T17:00:00","timestamp; symbol; open; high; low; close; volume; adjustment_type; source","Daily OHLCV from stored YahooFinanceFeed label; timestamps appear as 17:00 previous UTC day relative to Vietnam session date","OHLCV columns non-null; at least two rows violate high >= close; zero-volume rows exist","Daily timestamp at 17:00:00","Static local snapshot","DEGRADED","OHLCV_PROXY","Not a Vietnam flow source. No matched value or order-flow fields. Normalize session-date semantics before use."
"SUMI_LOCAL_CAPABILITY: backend/sumi.db candles source=NULL","UNKNOWN","1 symbol; 3 rows; timeframe=D; adjustment_type=split","2023-06-01","2026-06-23T21:58:32.532508","timestamp; OHLCV","Unproven ad-hoc/split rows without source provenance","3 total rows","Mixed date/time including microseconds","UNKNOWN","LOW","INSUFFICIENT_DATA","Do not combine with authoritative 1D unadjusted series."
"SUMI_LOCAL_CAPABILITY: backend/app/services/cafef_importer.py","Filename-derived HOSE/HNX/UPCOM only; exchange is not persisted by current workflow","Any uploaded CSV/ZIP matching the parser's OHLCV column heuristics","Request-dependent","Request-dependent","symbol; timestamp; open; high; low; close; volume","Local CSV/ZIP OHLCV parser; extra CafeF fields are not normalized or persisted","Request-dependent; no import_runs exist in production DB","Daily date","Manual user-triggered import","MEDIUM for supported OHLCV after classifier; UNKNOWN for original source semantics","OHLCV_PROXY","Current parser cannot preserve matched value, foreign/proprietary values, order statistics, or lifecycle fields even if present in an input file."
"SUMI_LOCAL_CAPABILITY: backend/app/services/data_providers/ssi_provider.py","Not actually queried","Synthetic requested symbol only","Request-dependent","Request-dependent","Generated daily OHLCV","Deterministic weekday-only demo generator; despite its name and metadata it makes no SSI network/API call","None within generated weekday sequence; real-world missingness not measurable","Daily date","Immediate synthetic generation","NOT A REAL MARKET SOURCE","INSUFFICIENT_DATA","Must not be cited as SSI FastConnect coverage or used for market/flow research."
"SUMI_LOCAL_CAPABILITY: backend/app/services/data_providers/vnstock_provider.py","Not actually queried","Synthetic requested symbol only","Request-dependent","Request-dependent","Generated daily OHLCV","Deterministic weekday-only demo generator; imports no vnstock API/client and makes no network call","None within generated weekday sequence; real-world missingness not measurable","Daily date","Immediate synthetic generation","NOT A REAL MARKET SOURCE","INSUFFICIENT_DATA","Must not be cited as vnstock coverage or used for market/flow research."
"SUMI_LOCAL_CAPABILITY: repository raw/cache inventory","UNKNOWN","No project-owned raw trade/quote/CafeF archive, CSV, ZIP, Parquet, or provider cache found outside environments/research fixtures","UNKNOWN","UNKNOWN","None","No auditable raw market payload retained in the repository","100% unavailable","UNKNOWN","UNKNOWN","MISSING","INSUFFICIENT_DATA","Existing DB source labels cannot prove upstream field semantics."
"SUMI_LOCAL_CAPABILITY: backend/sumi.db symbols","UNKNOWN for every row","3734 symbol identifiers","UNKNOWN","UNKNOWN","symbol; exchange; company_name; sector; industry; asset_type; is_active","Current-state symbol catalog only; exchange/company metadata are NULL throughout audited DB","exchange missing 3734/3734; company_name missing 3734/3734; no listing/delisting/suspension/index-membership columns","Not applicable","Static local snapshot","INSUFFICIENT for point-in-time universe","INSUFFICIENT_DATA","Blocks historical whole-market BB, flow breadth, exchange segmentation, and survivorship-safe universe construction."
"DORAEMON_AVAILABLE_CAPABILITY: market.stock_prices_daily via production API (KBS)","HOSE/HNX/UPCoM","470 active curated symbols; 473 symbols in broad price/flow diagnostics","production sample 2021-09-13; direct KBS FPT 2016-05-30","2026-09-18 overall; FPT verified fresh to 2026-09-18 in targeted check","daily OHLCV; total_trade_value; foreign buy/sell volume/value; adjusted close; source","Canonical Doraemon daily price table; value and investor fields are nullable and must retain source semantics","487487 audit rows; total value populated in recent slice (e.g. 31/32 for FPT/HPG); foreign value 0; adjusted close sparse","Session date","Daily/job-dependent","HIGH for OHLCV schema; DEGRADED for value/foreign/adjustment completeness","OHLCV_PROXY","Preferred Sumi MVP input through Doraemon API. Use ACTUAL_MATCHED_VALUE only when explicit; otherwise ESTIMATED_TP_X_VOLUME with visible per-segment metadata."
"DORAEMON_AVAILABLE_CAPABILITY: KBS /trade/history/{symbol}","HOSE/HNX/UPCoM samples FPT/SHS/BSR","One requested symbol per call; current/last session","2026-09-11 in audit sample","2026-09-11","trade time; price; volume; LC match_type; accumulated volume/value; synthetic id","Individual current-session prints. LC b/s/empty meaning is not documented or validated as aggressor side","Request-dependent; no historical-date selector; empty/unknown side exists","Second after adapter discards KBS pseudo-millisecond suffix","Current-session/realtime polling","MEDIUM for trade price/volume; UNKNOWN for LC side; LOW for stable identity","TICK_TEST_ESTIMATE_RESEARCH_ONLY","Use tick fields without LC for research-only tick test. LC must remain UNKNOWN until contract or labeled validation; synthetic timestamp+price+volume id may collide."
"DORAEMON_AVAILABLE_CAPABILITY: KBS /stock/matched-by-price/{symbol}","HOSE/HNX/UPCoM samples FPT/SHS/BSR","One requested symbol; current-session price levels","2026-09-11","2026-09-11","price; buyVol; sellVol; unknownVol; totalVol","Current-session volume classified into buy/sell/unknown price buckets; repository has no semantic contract","All sampled levels reconciled buy+sell+unknown=total; historical availability absent","Session aggregate by price level","Current-session snapshot","MEDIUM for arithmetic; UNKNOWN for economic side semantics","UNKNOWN","Candidate classified statistic only. Must not be called executed/aggressor flow without source documentation and labeled validation."
"DORAEMON_AVAILABLE_CAPABILITY: KBS current price board","HOSE/HNX/UPCoM","Current board universe; live diagnostic sampled FPT/SHS/BSR","Current session only","2026-09-11 audit","3-level bid/ask; total value; put-through volume/value; foreign buy/sell volume/count; room; exchange","Realtime board snapshot; quotes and session aggregates are not executions","Historical quote archive absent; foreign value absent","Provider timestamp/snapshot; synchronization with prints unproven","Realtime/current-session","MEDIUM for displayed fields; LOW for classification use","UNKNOWN","Useful classification input only after persisted synchronized overlap and clock/sequence study."
"DORAEMON_AVAILABLE_CAPABILITY: independent/v1/money-flow","HOSE/HNX/UPCoM where daily rows exist","Requested symbol","Depends on daily price history","Latest available daily row","OBV slope; MFI14; AD slope; CMF20; turnover z; up/down volume ratio; optional foreign context","Doraemon local multi-indicator proxy; API explicitly labels equivalence not_qmv_blackbox","Depends on price history; foreign context usually unavailable/volume-only","Daily","On request over persisted data","MEDIUM as its own documented proxy; not BB-compatible","OHLCV_PROXY","Do not reuse as the authoritative Sumi BB formula. Preserve as a distinct Doraemon proxy product."
"DORAEMON_AVAILABLE_CAPABILITY: universe membership/episodes","Curated Vietnam equity universe","470 active memberships at audit","Episode-dependent; full exchange history not proven","2026-09-11","symbol; tier/source; effective-from/until; lifecycle and validation metadata","Point-in-time capable schema with current and episode tables","Population is curated and does not prove all historical listings/delistings/suspensions/security types/index membership","Effective-date intervals","Administrative/bootstrap updates","MEDIUM for schema; INSUFFICIENT for full historical market","INSUFFICIENT_DATA","Does not yet satisfy survivorship-safe whole-market BB or breadth."
"EXTERNAL_CANDIDATE_CAPABILITY: SSI FastConnect DailyOhlc/DailyStockPrice/DailyIndex","HOSE/HNX/UPCoM; derivatives/bonds for some endpoints","Symbol/market queries and index list/components per official docs","UNKNOWN; authenticated trial required","Realtime/current per service","daily OHLC; actual normal matched volume/value; put-through volume/value; total value; foreign buy/sell volume/value; order counts/volumes; index advances/declines","Official documented daily aggregates. TotalBuyTrade and TotalSellTrade fields are order statistics, not proven buyer-/seller-initiated executions","UNKNOWN until authenticated coverage audit","Daily date","Daily/realtime service","MEDIUM based on official schema; access unverified due absent credentials","OHLCV_PROXY","Anonymous endpoint was reachable but returned application status 401 Missing Authorization header. Strong Tier D and universe discovery candidate after contract/trial."
"EXTERNAL_CANDIDATE_CAPABILITY: SSI FastConnect X-TRADE/X-QUOTE","HOSE/HNX/UPCoM per official docs","Requested symbols or ALL","No historical trade/quote API established","Realtime/current session","trade time/last price/last volume/total value/volume/Side BU-SD-unknown; 3-level HOSE and up-to-10-level HNX/UPCoM quotes","Provider-labelled trade side plus live order book; documentation does not establish exchange aggressor semantics","UNKNOWN until authenticated capture; historical depth unavailable","Second in examples; sequence/clock guarantees unknown","Streaming realtime","MEDIUM for official schema; UNKNOWN for side truth","UNKNOWN","Candidate CLASSIFIED_ORDER_FLOW only after persistence, clock/drop recovery, session/put-through semantics and labeled agreement pass. Not EXECUTED_ORDER_FLOW."
"EXTERNAL_CANDIDATE_CAPABILITY: FiinQuant","Vietnam market; exact exchange/security coverage requires trial","Provider markets realtime universe/index groups","Provider states historical access; tick/book historical depth unproven","Realtime product available","realtime price board; tick-by-tick trades; order book; foreign/smart-money; index groups; ATC aggregates","Provider marketing says KRX-connected official realtime data but public evidence does not define aggressor side or historical tick/book contract","UNKNOWN","UNKNOWN","API/WebSocket realtime","PROMISING but UNVERIFIED","UNKNOWN","Candidate Tier B/C procurement spike. Require trial schema, history, semantics, rate limits, correction and license evidence before classification."
"EXTERNAL_CANDIDATE_CAPABILITY: FiinGroup API Datafeed proprietary trading","HOSE/HNX documented","Requested market/symbol/date per commercial API","At least example data from 2023; contractual depth unknown","UNKNOWN","proprietary buy/sell total and matched volume/value","Daily investor-group activity, not aggressor-side execution flow","UNKNOWN until authenticated sample","Daily","Commercial API","MEDIUM based on official schema; access unverified","UNKNOWN","Useful proprietary-flow context/enrichment; not Symbol BB Tier A/B by itself; UPCoM and licensing require confirmation."
"EXTERNAL_CANDIDATE_CAPABILITY: HOSE official market-data products","HOSE","Contract-dependent","Historical archive availability requires quote","Online/current products available","Product dictionary not obtained; official online/delayed/EOD feeds and historical deal products are sold","Official exchange source; exact execution-side/order-book fields cannot be assumed from price sheet","UNKNOWN","Contract-dependent","Online; delayed; EOD options","HIGH source authority; UNKNOWN field fitness","UNKNOWN","Current official sheet lists substantial annual feed plus connection/end-user fees. Request non-display/research rights, field dictionary and historical archive quote."
"EXTERNAL_CANDIDATE_CAPABILITY: HNX official information service","HNX/UPCoM","Contract-dependent","UNKNOWN","Delayed public board and contracted services","Public market/disclosure data; contracted product fields not publicly established in audit","UNKNOWN","Contract-dependent","Delayed public; other products by contract","HIGH source authority; UNKNOWN field fitness","UNKNOWN","HNX supplies fee schedule and sample contract after product request. Required complement to HOSE for full market."
"EXTERNAL_CANDIDATE_CAPABILITY: VNDIRECT Datafeed","Vietnam market; exact coverage unverified","Paid end-user product","UNKNOWN","Current product","Public technical schema for ticks/book/side not found","Technical-analysis datafeed with restrictive copying/distribution terms; not proven API flow source","UNKNOWN","UNKNOWN","Product-dependent","UNKNOWN","UNKNOWN","Lower-priority lead. Obtain written schema and license before technical evaluation."
